Task ID,Agent IDs
1,"22, 65, 125"
2,"22, 1, 189"
3,"91, 149, 84"
4,"92, 19, 140"
5,"111, 84, 182"
6,"150, 102, 149"
7,"145, 163, 111"
8,"47, 65, 80"
9,"22, 119, 103"
10,"18, 19, 179"
11,"150, 199, 103"
12,"130, 89, 78"
13,"42, 159, 168"
14,"45, 66, 58"
15,"82, 118, 3"
16,"86, 195, 145"
17,"165, 121, 37"
18,"80, 2, 95"
19,"148, 46, 94"
20,"22, 5, 41"
21,"118, 58, 132"
22,"124, 135, 121"
23,"119, 86, 137"
24,"132, 193, 100"
25,"173, 129, 54"
26,"90, 30, 132"
27,"107, 103, 102"
28,"130, 166, 151"
29,"178, 60, 96"
30,"158, 111, 106"
31,"106, 140, 73"
32,"144, 156, 54"
33,"63, 66, 142"
34,"102, 123, 113"
35,"132, 147, 31"
36,"90, 150, 165"
37,"71, 163, 187"
38,"59, 70, 87"
39,"159, 135, 153"
40,"29, 50, 175"
41,"150, 80, 88"
42,"149, 158, 84"
43,"44, 107, 101"
44,"162, 141, 138"
45,"182, 187, 60"
46,"8, 80, 2"
47,"31, 162, 20"
48,"84, 4, 54"
49,"159, 36, 132"
50,"135, 87, 153"
51,"44, 51, 94"
52,"62, 140, 158"
53,"95, 88, 77"
54,"88, 132, 193"
55,"88, 200, 51"
56,"102, 53, 146"
57,"8, 190, 163"
58,"199, 67, 101"
59,"149, 162, 51"
60,"37, 8, 165"
61,"162, 46, 58"
62,"46, 151, 89"
63,"129, 122, 13"
64,"107, 13, 115"
65,"27, 25, 6"
66,"24, 193, 155"
67,"122, 39, 1"
68,"111, 152, 79"
69,"124, 84, 150"
70,"182, 58, 190"
71,"179, 186, 182"
72,"119, 71, 25"
73,"5, 150, 47"
74,"192, 102, 68"
75,"165, 45, 80"
76,"61, 200, 27"
77,"193, 103, 185"
78,"105, 140, 67"
79,"18, 83, 33"
80,"118, 135, 47"
81,"94, 133, 4"
82,"89, 86, 195"
83,"23, 184, 120"
84,"60, 55, 35"
85,"71, 86, 105"
86,"82, 97, 77"
87,"10, 94, 123"
88,"85, 102, 148"
89,"34, 55, 32"
90,"1, 70, 23"
91,"188, 11, 128"
92,"124, 31, 140"
93,"153, 94, 77"
94,"46, 34, 55"
95,"102, 54, 32"
96,"1, 77, 37"
97,"127, 34, 55"
98,"89, 66, 123"
99,"89, 66, 194"
100,"145, 8, 176"
